{
  "group": "adss_mod",
  "type": "minecraft:crafting_shapeless",
  "ingredients": [
    {
      "item": "adss_mod:supersharpflint"
    },
    {
      "item": "adss_mod:second_compressed_rock"
    },
    {
      "item": "adss_mod:second_compressed_rock"
    },
    {
      "item": "adss_mod:second_compressed_rock"
    },
    {
      "item": "adss_mod:second_compressed_rock"
    },
    {
      "item": "adss_mod:crystalrichstone"
    },
    {
      "item": "minecraft:netherite_ingot"
    }
  ],
  "result": {
    "item": "adss_mod:strangerock",
    "count": 2
  }
}