{
  "group": "adss_mod",
  "type": "minecraft:crafting_shapeless",
  "ingredients": [
    {
      "item": "adss_mod:bedrockgrain"
    },
    {
      "item": "adss_mod:bedrockgrain"
    },
    {
      "item": "adss_mod:bedrockgrain"
    },
    {
      "item": "adss_mod:bedrockgrain"
    },
    {
      "item": "adss_mod:bedrockgrain"
    },
    {
      "item": "adss_mod:bedrockgrain"
    },
    {
      "item": "adss_mod:bedrockgrain"
    },
    {
      "item": "adss_mod:bedrockgrain"
    },
    {
      "item": "adss_mod:bedrockgrain"
    }
  ],
  "result": {
    "item": "adss_mod:bedrockingot",
    "count": 1
  }
}