{
  "group": "adss_mod",
  "type": "minecraft:crafting_shapeless",
  "ingredients": [
    {
      "item": "minecraft:iron_ingot"
    },
    {
      "item": "minecraft:gold_ingot"
    },
    {
      "item": "minecraft:diamond"
    },
    {
      "item": "minecraft:emerald"
    },
    {
      "item": "minecraft:netherite_ingot"
    },
    {
      "item": "minecraft:redstone"
    },
    {
      "item": "minecraft:quartz"
    },
    {
      "item": "minecraft:nether_star"
    },
    {
      "item": "adss_mod:supersharpflint"
    }
  ],
  "result": {
    "item": "adss_mod:crystalrichstone",
    "count": 1
  }
}